cluster_id	p.adjust	deltapsi_beige	deltapsi_white	mean_norm_score_beige	mean_norm_score_white	gene_beige	gene_white	trifid_diff	max_dpsi	gene_to_plot
clu_10104_-	0.0143718271040346	0.0562205245690545	-0.107676996494803	1	0.316	DENND1A	DENND1A	0.684	0.107676996494803	DENND1A
clu_10181_-	8.76064936296707e-15	0.0624554489941199	-0.113021360989235	0.512666666666667	0	GOLGA2	GOLGA2	0.512666666666667	0.113021360989235	GOLGA2
clu_10209_-	2.10437912519545e-08	0.107481511261614	-0.0449090523730318	0.5019	0.0049	CRAT	CRAT	0.497	0.107481511261614	CRAT
clu_10638_+	0.0187023119248151	0.105631335135592	-0.122267691299583	0.5512	0.50455	SSPN	SSPN	0.04665	0.122267691299583	SSPN
clu_10654_+	1.08434722708475e-07	0.191805857793516	-0.191805857793516	-0.1	0.376375	ENSG00000029153.10	ARNTL2	-0.476375	0.191805857793516	ARNTL2
clu_10672_+	1.38753180538398e-62	0.241278088736009	-0.24550256907998	1	1	FAR2	FAR2	0	0.24550256907998	FAR2
clu_10734_+	1.37435874377771e-28	0.0300653749208609	-0.112540114551923	0	0.1115	PFKM	PFKM	-0.1115	0.112540114551923	PFKM
clu_10741_+	7.44732450924689e-08	0.105814693977053	-0.0501782884301752	0.3179	0.186483333333333	CACNB3	CACNB3	0.131416666666667	0.105814693977053	CACNB3
clu_1074_-	1.9311465228061e-09	0.204978818089768	-0.11232959566676	0.756683333333333	0	CPT1B,CHKB-CPT1B	CPT1B	0.756683333333333	0.204978818089768	CPT1B,CHKB-CPT1B
clu_10840_+	7.05338872321653e-14	0.178884949129912	-0.181234589842461	0.30595	1	MFSD5	MFSD5	-0.69405	0.181234589842461	MFSD5
clu_10876_+	9.54578451159947e-81	0.0634356179157084	-0.175589394836845	0.50025	0.2544	RDH5	BLOC1S1	0.24585	0.175589394836845	RDH5
clu_10891_+	0.000747142707028244	0.102824915659525	-0.216068823470692	0	0.2022	RAB5B	RAB5B	-0.2022	0.216068823470692	RAB5B
clu_10973_+	3.04378198874178e-23	0.301756742662787	-0.307768624183267	0.0905	0.50435	SLC16A7	SLC16A7	-0.41385	0.307768624183267	SLC16A7
clu_10994_+	0.00092146447946983	0.104896879555762	-0.106000288445813	0.2627	0.52695	RXYLT1	RXYLT1	-0.26425	0.106000288445813	RXYLT1
clu_1114_-	0.0001577781209442	0.167583003156389	-0.132309622278944	1	-0.1	DEAF1	DEAF1	1.1	0.167583003156389	DEAF1
clu_11204_+	1.7641244372341e-09	0.133735242033934	-0.112248227957503	-0.1	0.5016	ENSG00000171310.6	CHST11	-0.6016	0.133735242033934	CHST11
clu_11348_+	0.035371664052966	0.148326175921753	-0.130079207541959	0.8688	1	FBXW8	FBXW8	-0.1312	0.148326175921753	FBXW8
clu_11517_+	4.06802327919787e-10	0.187537584475587	-0.268806776406265	-0.1	0.62635	NA	PGAM5	-0.72635	0.268806776406265	PGAM5
clu_11551_-	0.0152192285561512	0.100486318779661	-0.0421011690184479	0.9322	1	AC108488.2,AC108488.1	AC108488.2	-0.0678	0.100486318779661	AC108488.2
clu_11822_-	0.00134723735730107	0.102642465661516	-0.0540480569214953	0.5003	0.0047	THUMPD2	THUMPD2	0.4956	0.102642465661516	THUMPD2
clu_11888_-	7.94065389842016e-66	0.306029829838343	-0.244368148981448	1	0.4268	RTN4	RTN4	0.5732	0.306029829838343	RTN4
clu_12026_-	9.62393390297639e-08	0.0866003244670436	-0.147763467987381	0.9263	1	EXOC6B	EXOC6B	-0.0737	0.147763467987381	EXOC6B
clu_12209_-	7.22590868328073e-05	0.0657436710799792	-0.138408634310365	0.9728	0.9864	FAHD2B	FAHD2B	-0.0135999999999999	0.138408634310365	FAHD2B
clu_1234_-	1.74269632453254e-12	0.0947302226200263	-0.191109718513345	-0.1	0.12441	ENSG00000166444.13	ST5	-0.22441	0.191109718513345	ST5
clu_12375_-	6.56014455003287e-05	0.0757402768533076	-0.107855569473401	-0.1	0.490681818181818	ENSG00000136717.10	BIN1	-0.590681818181818	0.107855569473401	BIN1
clu_12446_-	1.01783512825903e-21	0.0607033924384013	-0.132117568573848	0.2291	0.21985	GTDC1	GTDC1	0.00925000000000001	0.132117568573848	GTDC1
clu_12539_-	1.90565684518036e-06	0.0584407867800475	-0.112015691549389	0.2034	0.7855	COBLL1	COBLL1	-0.5821	0.112015691549389	COBLL1
clu_1253_-	0.0164812997458403	0.173817490212833	-0.16595702088702	1	5e-04	SBF2	SBF2	0.9995	0.173817490212833	SBF2
clu_1262_-	1.93792085271154e-07	0.1716116828945	-0.0761695322641493	1	-0.1	SBF2	SBF2	1.1	0.1716116828945	SBF2
clu_12779_-	5.43558310822928e-10	0.180158073422248	-0.0945838757929376	1	0.455933333333333	ACADL	KANSL1L	0.544066666666667	0.180158073422248	ACADL
clu_13024_+	0.000631013730109226	0.113351856486899	-0.0822892081909281	0.50915	-0.1	ATAD3B	ATAD3B	0.60915	0.113351856486899	ATAD3B
clu_13073_+	0.0102616813405645	0.101774763542125	-0.113159386278092	-0.1	1	ENSG00000116273.5	PHF13	-1.1	0.113159386278092	PHF13
clu_13134_+	0.000677741896046332	0.0517535688550461	-0.100804230189256	0.0390857142857143	0.0231	TARDBP,AL109811.3	TARDBP	0.0159857142857143	0.100804230189256	TARDBP,AL109811.3
clu_13193_+	5.38736442618757e-13	0.142288249305503	-0.198612550707795	0.337	0.7991	KAZN,NA	KAZN	-0.4621	0.198612550707795	KAZN
clu_13235_+	1.08533750246833e-15	0.167492644656055	-0.0931682175143959	0.21995	0.97325	ARHGEF10L	ARHGEF10L	-0.7533	0.167492644656055	ARHGEF10L
clu_13371_+	0.0407971074332658	0.107503299841311	-0.0661759735905973	1	0.01935	XKR8	XKR8	0.98065	0.107503299841311	XKR8
clu_13672_+	1.19140074194128e-15	0.243930954074054	-0.169102926564829	0.57465	0.410355	MAST2	MAST2	0.164295	0.243930954074054	MAST2
clu_13883_+	1.00978743659986e-39	0.15845772206014	-0.143252737924031	-0.1	1	LINC01140	HS2ST1	-1.1	0.15845772206014	HS2ST1
clu_13899_+	1.06797908105918e-22	0.118262121878072	-0.134308503992654	0.779875	0.507566666666667	LRRC8B	AC093423.3,LRRC8C	0.272308333333333	0.134308503992654	LRRC8B
clu_14195_+	1.04329618762186e-10	0.10743156283012	-0.164106442107896	0.38	0.1028	NBPF12	NBPF12	0.2772	0.164106442107896	NBPF12
clu_14246_+	1.71960914372414e-07	0.147732255218316	-0.0984794447995724	0.9811	0.9811	HIST2H4A	HIST2H4A	0	0.147732255218316	HIST2H4A
clu_1427_-	6.77635155800984e-33	0.220872740842362	-0.209243242858726	0.0015	0.680133333333333	TNKS1BP1	TNKS1BP1	-0.678633333333333	0.220872740842362	TNKS1BP1
clu_14479_+	3.75252569808702e-06	0.158529234111957	-0.167982891272022	-0.1	0.3846	ENSG00000018625.10	ATP1A2	-0.4846	0.167982891272022	ATP1A2
clu_1449_-	1.86017733133844e-09	0.0902807582268959	-0.20889674488391	0.5822	0.5005	LPXN	LPXN	0.0817000000000001	0.20889674488391	LPXN
clu_14511_+	0.0403204339629805	0.0995819578991393	-0.148361659610275	-0.1	0.53065	TOMM40L	TOMM40L	-0.63065	0.148361659610275	TOMM40L
clu_14521_+	6.46878291488658e-27	0.113458507721135	-0.105998032342137	0.38324	0.5	FCRLB	DUSP12	-0.11676	0.113458507721135	DUSP12
clu_14581_+	1.08639598390053e-16	0.25350673623015	-0.172735706426224	0.0328	0.6	FMO1	FMO1	-0.5672	0.25350673623015	FMO1
clu_14686_+	0.0127293498972187	0.093246687041138	-0.110006790406687	-0.1	0.7629	ENSG00000058085.10	LAMC2	-0.8629	0.110006790406687	LAMC2
clu_14736_+	2.86072217636654e-09	0.134468155137077	-0.134335513801289	1	1	CFH	CFHR1	0	0.134468155137077	CFHR1
clu_1475_-	0.0410602993976874	0.103840494295745	-0.103840494295744	0	0.0291	DDB1	DDB1	-0.0291	0.103840494295745	DDB1
clu_14762_+	2.24441325823093e-43	0.396358527399776	-0.317047490592873	-0.1	0.5855	NAV1	NAV1	-0.6855	0.396358527399776	NAV1
clu_14776_+	0.000329740384444653	0.127478542121641	-0.129422331837047	-0.1	1	SHISA4	SHISA4	-1.1	0.129422331837047	SHISA4
clu_15045_+	0.00748904634801792	0.12310539581553	-0.0689754364595047	1	0	FMN2	FMN2	1	0.12310539581553	FMN2
clu_15046_+	6.71752162412126e-10	0.15457703961046	-0.118886030481361	0.2	-0.1	FMN2	ENSG00000155816.15	0.3	0.15457703961046	FMN2
clu_15050_+	1.02597916617075e-10	0.127472389777266	-0.127472389777266	-0.1	0.5007	NA	FMN2	-0.6007	0.127472389777266	FMN2
clu_15074_+	2.69195409344232e-15	0.232562279454691	-0.171597277898036	-0.1	1	ENSG00000162849.11	KIF26B	-1.1	0.232562279454691	KIF26B
clu_15093_+	4.97902201227652e-06	0.0394090257418954	-0.115257823019489	0.1589	1	PGBD2	PGBD2	-0.8411	0.115257823019489	PGBD2
clu_15115_+	1.68478437089882e-17	0.0651868484820649	-0.113110281876415	0	0.92685	GYG2	GYG2	-0.92685	0.113110281876415	GYG2
clu_15133_+	0.0214953516087755	0.126090396618954	-0.131453958115805	0.184225	0.3242625	TBL1X	TBL1X	-0.1400375	0.131453958115805	TBL1X
clu_15162_+	5.67501399602876e-100	0.127193472494054	-0.14687993701372	1	-0.1	CA5B	CA5BP1	1.1	0.14687993701372	CA5B
clu_15204_+	2.70105972770367e-08	0.0661470596117494	-0.117697570535066	0.35582	0.451175	GK	GK	-0.095355	0.117697570535066	GK
clu_1527_-	0.0103742111758507	0.101100426307228	-0.101100426307228	1	0.0895	MTA2	MTA2	0.9105	0.101100426307228	MTA2
clu_15312_+	1.79097648056637e-05	0.183466745569525	-0.112419914919347	0.28102	0.16295	PPP1R3F	PPP1R3F	0.11807	0.183466745569525	PPP1R3F
clu_15322_+	0.0054073880503041	0.115945930221862	-0.0591519541126715	0.0062	0.6911	FAM156B	FAM156B	-0.6849	0.115945930221862	FAM156B
clu_15429_+	9.63248475660392e-10	0.272251779706346	-0.30010322271046	-0.1	1	ENSG00000000005.5	TNMD	-1.1	0.30010322271046	TNMD
clu_1547_-	7.42479360733322e-33	0.171093445126101	-0.234022593651172	0.336	0.466266666666667	LBHD1	AP001458.2,C11orf98	-0.130266666666667	0.234022593651172	AP001458.2,C11orf98
clu_15502_+	3.82188191678861e-06	0.130773471334451	-0.134802245979536	0.595033333333333	0.1536	NXT2	NXT2	0.441433333333333	0.134802245979536	NXT2
clu_15504_+	8.95738673601732e-05	0.16467865873294	-0.16467865873294	0.8152	-0.1	TMEM164	ENSG00000157600.7	0.9152	0.16467865873294	TMEM164
clu_15517_+	1.12353939110049e-11	0.104869012997572	-0.104869012997572	-0.1	0.332275	NA	WDR44	-0.432275	0.104869012997572	WDR44
clu_15599_+	0.0150583126527109	0.155398151180598	-0.0877202866930542	1	-0.1	ZNF449	ENSG00000173275.8	1.1	0.155398151180598	ZNF449
clu_15609_+	0.00211064967559577	0.1944502046331	-0.183506303528909	0.4504	0.41175	FHL1	FHL1	0.03865	0.1944502046331	FHL1
clu_15610_+	8.76422223781018e-56	0.272422975759059	-0.353878187068938	0.0034	0.54645	FHL1	FHL1	-0.54305	0.353878187068938	FHL1
clu_15646_+	1.49341320911522e-06	0.0881878494334618	-0.160122106905223	0.25	0.378333333333333	MTMR1	MTMR1	-0.128333333333333	0.160122106905223	MTMR1
clu_1587_-	0.00277044248452429	0.118906214952009	-0.0865447739534232	0.36165	0.7092	C11orf95	C11orf95	-0.34755	0.118906214952009	C11orf95
clu_16031_+	1.47576306117794e-05	0.217481948064781	-0.22117521208019	0.8285	1	MAFF	MAFF	-0.1715	0.22117521208019	MAFF
clu_16058_+	0.0202135228970431	0.108674031739413	-0.108674031739413	0.7575	0.3148	TNRC6B	TNRC6B	0.4427	0.108674031739413	TNRC6B
clu_16094_+	2.79127537321667e-07	0.0813198323649126	-0.100211956067506	-0.1	0.4496	NA	TEF	-0.5496	0.100211956067506	TEF
clu_16186_+	1.43398761180804e-05	0.117373784606736	-0.108201996042176	0.954	0.954	TRABD	TRABD	0	0.117373784606736	TRABD
clu_16190_+	0.0166371661674551	0.108234203010125	-0.083152656407441	0.6799	-0.1	SELENOO	ENSG00000073169.9	0.7799	0.108234203010125	SELENOO
clu_16195_+	0.000101199410999924	0.129074122313512	-0.120951605769327	0.3344	0.6257	PPP6R2	PPP6R2	-0.2913	0.129074122313512	PPP6R2
clu_16295_-	5.46764366417552e-12	0.0818141105825599	-0.128070614965221	0.04115	0.186525	SLC7A8	SLC7A8	-0.145375	0.128070614965221	SLC7A8
clu_16369_-	0.000400144385538319	0.108389941586463	-0.108389941586463	0.670725	0.01035	DTD2,AL139353.1	AL139353.1,DTD2	0.660375	0.108389941586463	DTD2,AL139353.1
clu_16455_-	9.21473457752985e-07	0.180493766314402	-0.17325608609351	0.4725	-0.1	CDKL1	ENSG00000100490.5	0.5725	0.180493766314402	CDKL1
clu_1646_-	1.16116760769019e-07	0.102085155910955	-0.0733943210076669	0.3305625	0.1472	SLC25A45	SLC25A45	0.1833625	0.102085155910955	SLC25A45
clu_1647_-	6.56020829381328e-15	0.133842487675115	-0.150232091025493	0.1384	0.47836	SLC25A45	SLC25A45	-0.33996	0.150232091025493	SLC25A45
clu_16711_-	1.38004524988812e-13	0.221927129418533	-0.113970598748468	0.5014	0.003875	TTC7B	TTC7B	0.497525	0.221927129418533	TTC7B
clu_16766_-	5.53975708055786e-42	0.103391469182571	-0.219345631252242	-0.1	0.485325	ENSG00000176438.8	SYNE3	-0.585325	0.219345631252242	SYNE3
clu_16782_-	1.29174697225267e-09	0.103061893750086	-0.0430597106277378	0.2578625	0.0029	MOK	MOK	0.2549625	0.103061893750086	MOK
clu_16829_+	1.73401491906378e-08	0.215491651979625	-0.185814193820878	0.5992	1	KANK1	KANK1	-0.4008	0.215491651979625	KANK1
clu_16830_+	1.09982595627924e-39	0.129140687763315	-0.137374534425556	0.32825	0.325966666666667	KANK1	KANK1	0.00228333333333336	0.137374534425556	KANK1
clu_1700_-	8.71503599712057e-104	0.158686239266054	-0.0803142261779859	1	0.554355555555556	PC	PC	0.445644444444444	0.158686239266054	PC
clu_17336_+	5.36589881838153e-20	0.125158733155131	-0.0639726266243341	0.3703	-0.1	RGS3	ENSG00000138835.18	0.4703	0.125158733155131	RGS3
clu_17337_+	4.27578847734532e-11	0.128803036965991	-0.128803036965991	0.297528571428571	0.271266666666667	RGS3	RGS3	0.0262619047619048	0.128803036965991	RGS3
clu_17460_+	1.50457766340536e-10	0.14617700879544	-0.131729758551527	0.37405	0.145466666666667	FPGS	FPGS	0.228583333333333	0.14617700879544	FPGS
clu_17535_+	9.40107828824043e-05	0.184146491839629	-0.187358724890413	0.250575	0.002	MIGA2	MIGA2	0.248575	0.187358724890413	MIGA2
clu_17541_+	1.53070269366552e-11	0.111364537975503	-0.0563615715388232	0.2892125	4e-04	PTPA	PTPA	0.2888125	0.111364537975503	PTPA
clu_17604_+	0.000493748577929824	0.139154217844543	-0.14154937410161	0.6952	0.80425	SPACA9	SPACA9	-0.10905	0.14154937410161	SPACA9
clu_17869_-	2.92027690600867e-07	0.121293216924423	-0.0705222589662671	0.3918	0.0027	MTRF1	MTRF1	0.3891	0.121293216924423	MTRF1
clu_17891_-	5.71886453945344e-26	0.133851726595731	-0.102570131535345	1	0.9052	TSC22D1	TSC22D1	0.0948	0.133851726595731	TSC22D1
clu_18227_+	5.20256219202535e-89	0.199775907764804	-0.162934985512433	1	0.43405	PPARG	PPARG	0.56595	0.199775907764804	PPARG
clu_18245_+	3.11250457953483e-12	0.26689657362623	-0.269165064602323	0.0034	0.228728571428571	SLC6A6	SLC6A6	-0.225328571428571	0.269165064602323	SLC6A6
clu_18312_+	0.00420036271481432	0.164005068841984	-0.164005068841984	0.0107	1	CMTM8	CMTM8	-0.9893	0.164005068841984	CMTM8
clu_18401_+	0.00140120973379486	0.113625468822339	-0.0907700529107868	1	0.03405	NKTR	NKTR	0.96595	0.113625468822339	NKTR
clu_18406_+	0.00036768824661382	0.139500246484031	-0.069945576645876	-0.1	1	ZBTB47	ZBTB47	-1.1	0.139500246484031	ZBTB47
clu_18517_+	0.0204771578503562	0.192415869459295	-0.179246013432068	0.9864	0.0953	INKA1	INKA1	0.8911	0.192415869459295	INKA1
clu_18550_+	2.7318692598763e-20	0.110069694631449	-0.14162662791921	1	0.9049	PARP3	PARP3	0.0951	0.14162662791921	PARP3
clu_18569_+	4.46577081636245e-30	0.356157313019767	-0.341648764605541	0.35766	0.0011	GLYCTK	GLYCTK	0.35656	0.356157313019767	GLYCTK
clu_18910_+	0.000233272515650107	0.127949493836262	-0.127949493836262	0.180881818181818	0.194133333333333	NCK1	NCK1	-0.0132515151515152	0.127949493836262	NCK1
clu_18937_+	3.2898818211831e-09	0.119652414413381	-0.0532796477913075	0.3858	7e-04	SLC25A36	SLC25A36	0.3851	0.119652414413381	SLC25A36
clu_18942_+	1.14073497971584e-13	0.129798927586822	-0.0456924918708393	0.00975	0.02185	ZBTB38	ZBTB38	-0.0121	0.129798927586822	ZBTB38
clu_18945_+	0.00324640501296882	0.10447146407205	-0.10447146407205	0.431766666666667	1	RASA2	RASA2	-0.568233333333333	0.10447146407205	RASA2
clu_19049_+	9.90576031067671e-08	0.105701808159677	-0.076833221402657	0.50305	0.50145	FNDC3B	FNDC3B	0.00160000000000005	0.105701808159677	FNDC3B
clu_19197_+	6.34272286057029e-18	0.076026716375536	-0.13812525172733	0.383316666666667	0.186393333333333	OPA1	OPA1	0.196923333333333	0.13812525172733	OPA1
clu_19224_+	0.0144988945254138	0.104238395479065	-0.104238395479065	0.25638	2e-04	PIGX	PIGX	0.25618	0.104238395479065	PIGX
clu_19289_-	8.17410968300153e-21	0.0755665919517798	-0.137294358048719	0.9638	0.23724	MYO1C	INPP5K	0.72656	0.137294358048719	MYO1C
clu_19317_-	9.62932182545881e-06	0.113276416317547	-0.0724553676987174	0.14515	0	SMG6	SMG6	0.14515	0.113276416317547	SMG6
clu_19494_-	7.15556371186136e-17	0.129048670762094	-0.110670850340763	0.62775	-0.1	NAA38	ENSG00000183011.9	0.72775	0.129048670762094	NAA38
clu_19505_-	3.61326108224102e-07	0.126658056285494	-0.0444150701980202	0.502433333333333	0.30598	AC129492.3,VAMP2	TMEM107	0.196453333333333	0.126658056285494	AC129492.3,VAMP2
clu_19554_-	2.02190270357915e-30	0.117771300822349	-0.129974202185702	0.52775	0.069475	PMP22	PMP22	0.458275	0.129974202185702	PMP22
clu_19605_-	4.36025234260265e-104	0.191809257039401	-0.429650670046338	0.1346	0.179	PEMT	PEMT	-0.0444	0.429650670046338	PEMT
clu_19613_-	9.12090583023537e-11	0.0849910249828572	-0.14358798244649	0.12605	0.24102	TOM1L2	TOM1L2	-0.11497	0.14358798244649	TOM1L2
clu_19704_-	0.00241432416028206	0.166178439193163	-0.117678792313375	0.114	1	TLCD1	TLCD1	-0.886	0.166178439193163	TLCD1
clu_19766_-	0.000328171151326699	0.112804034757881	-0.0816789217709732	0.368266666666667	0.54035	CCT6B	CCT6B	-0.172083333333333	0.112804034757881	CCT6B
clu_19881_-	1.42975185233654e-05	0.110381115938501	-0.110381115938502	-0.1	0.290577777777778	NA	GSDMB	-0.390577777777778	0.110381115938502	GSDMB
clu_1992_-	0.0199095040762108	0.110613377250744	-0.104304495608745	0.3417	0.31262	SLC35F2	SLC35F2	0.02908	0.110613377250744	SLC35F2
clu_20089_-	1.88332088024286e-12	0.226611240408519	-0.0889610385375126	1	-0.1	HOXB4	HOXB3	1.1	0.226611240408519	HOXB4
clu_20091_-	0.0357794493135511	0.115633969434372	-0.115633969434372	1	-0.1	HOXB5	ENSG00000120075.5	1.1	0.115633969434372	HOXB5
clu_20113_-	1.46450171471733e-14	0.294340134252437	-0.299066356710821	0.9784	1	TOB1	TOB1	-0.0216	0.299066356710821	TOB1
clu_2011_-	2.03971208056553e-62	0.130852957606675	-0.383613822559719	-0.1	0.242266666666667	ALG9,NA	ALG9,AP001781.2	-0.342266666666667	0.383613822559719	ALG9,AP001781.2
clu_20248_-	0.0206839145430866	0.107849659541713	-0.0966882700081376	1	-0.1	PECAM1	NA	1.1	0.107849659541713	PECAM1
clu_20306_-	0.00109612357947466	0.120509427532303	-0.120509427532303	0.7105	0.2877	C17orf58	C17orf58	0.4228	0.120509427532303	C17orf58
clu_20470_-	0.00123600613394249	0.0777495675308589	-0.111574847677124	0.726025	7e-04	CYTH1	CYTH1	0.725325	0.111574847677124	CYTH1
clu_20538_-	1.70153090563868e-08	0.105600333166312	-0.103586078462077	0.3087	1	PCYT2	SIRT7	-0.6913	0.105600333166312	SIRT7
clu_20571_-	0.000240661590268231	0.168114499511141	-0.123633191751521	-0.1	0.2286	NA	CCDC57	-0.3286	0.168114499511141	CCDC57
clu_20811_-	1.6619825452844e-14	0.105144140116966	-0.112248098569777	-0.1	0.9617	NA	TRPC4AP	-1.0617	0.112248098569777	TRPC4AP
clu_20817_-	0.00547703964690503	0.149905496605954	-0.0558747773915319	-0.1	0.3221	NA	AL121753.1	-0.4221	0.149905496605954	AL121753.1
clu_208_-	1.70284925832016e-05	0.12961659993745	-0.0257960003506233	0.0025	0.344	FAM156A	FAM156A	-0.3415	0.12961659993745	FAM156A
clu_20904_-	1.37673323004817e-05	0.0878085522177435	-0.157760930015117	-0.1	-0.1	WFDC3	NA	0	0.157760930015117	NA
clu_21093_-	4.23038408484081e-13	0.375633294336316	-0.426963478033471	0.0344	0.552975	EPB41L3	EPB41L3	-0.518575	0.426963478033471	EPB41L3
clu_21176_-	1.43684787015086e-09	0.0829589898250078	-0.190489940695645	0.0461	0.5187	B4GALT6	B4GALT6	-0.4726	0.190489940695645	B4GALT6
clu_21316_-	1.73851915898723e-08	0.183799825943755	-0.222079581184666	-0.1	-0.1	MBP	ENSG00000197971.10	0	0.222079581184666	ENSG00000197971.10
clu_2136_-	6.81982189663315e-05	0.118981928145145	-0.0797382003312691	0.7266	0	ARHGAP32	ARHGAP32	0.7266	0.118981928145145	ARHGAP32
clu_21466_+	1.03459466343456e-13	0.0822149308623097	-0.151134878261866	0.8731	0.8794	PPP3CC	PPP3CC	-0.00629999999999997	0.151134878261866	PPP3CC
clu_21499_+	0.0021630625244796	0.135012081722479	-0.0874031198647059	0.333333333333333	-0.1	SLC25A37	SLC25A37	0.433333333333333	0.135012081722479	SLC25A37
clu_2162_-	1.062461594028e-05	0.102630539141023	-0.102630539141023	0.53155	1	THYN1	THYN1	-0.46845	0.102630539141023	THYN1
clu_21708_+	0.00360444128788646	0.109973613490422	-0.102449429387387	0.542133333333333	0.111866666666667	ADHFE1	AC009879.3,ADHFE1	0.430266666666667	0.109973613490422	ADHFE1
clu_21865_+	2.88503583611684e-06	0.131411255023032	-0.173775738117645	1	0.7469	OXR1	OXR1	0.2531	0.173775738117645	OXR1
clu_22147_+	8.63129142798596e-06	0.0625802647592766	-0.112102453760384	-0.1	1	PDZD2	PDZD2	-1.1	0.112102453760384	PDZD2
clu_22237_+	1.37503009076644e-10	0.114718181517626	-0.077579780040905	0.0770785714285714	0.2	NNT	NNT	-0.122921428571429	0.114718181517626	NNT
clu_22299_+	2.0325961064425e-14	0.10500378394333	-0.0613080589554788	0.38106	0.48725	TRAPPC13	TRAPPC13	-0.10619	0.10500378394333	TRAPPC13
clu_2234_-	0.000409700365225828	0.133524939626615	-0.137470410668275	-0.1	0.0203	ULK4P1,AC135983.1	GOLGA8O	-0.1203	0.137470410668275	GOLGA8O
clu_22502_+	6.51724427126235e-08	0.145148892786304	-0.145148892786304	0.123384615384615	0.07691	CAST	CAST	0.0464746153846154	0.145148892786304	CAST
clu_22579_+	0.00988861682763818	0.164246179090396	-0.129778873787345	0.0030125	0.61	LVRN	LVRN	-0.6069875	0.164246179090396	LVRN
clu_22597_+	0.000171742909927435	0.234289737551747	-0.234289737551747	0.8995	0.94985	TNFAIP8	TNFAIP8	-0.0503500000000001	0.234289737551747	TNFAIP8
clu_22644_+	4.15957843613054e-08	0.16597350993913	-0.16597350993913	0.356325	-0.1	SLC22A5	SLC22A5	0.456325	0.16597350993913	SLC22A5
clu_22660_+	0.00440104975253406	0.115766191953537	-0.0749162963615566	0.6518	1	JADE2	JADE2	-0.3482	0.115766191953537	JADE2
clu_22940_+	9.78986763286333e-09	0.103960054483536	-0.0350438877814216	0.5014	-0.1	B4GALT7	NA	0.6014	0.103960054483536	B4GALT7
clu_23325_+	3.28044404561378e-07	0.176946500145661	-0.176946500145661	-0.1	0.9056	NA	ANKS1A	-1.0056	0.176946500145661	ANKS1A
clu_23614_+	3.04380243396685e-18	0.138939105616042	-0.277878211232083	0.77696	0.463233333333333	MYO6	MYO6	0.313726666666667	0.277878211232083	MYO6
clu_23618_+	8.55319617991417e-09	0.341035155659275	-0.250081481601656	1	-0.1	SH3BGRL2	SH3BGRL2	1.1	0.341035155659275	SH3BGRL2
clu_23678_+	3.89358587636946e-20	0.344324699912418	-0.355667886441453	0.0058	0.8318	CRYBG1	CRYBG1	-0.826	0.355667886441453	CRYBG1
clu_23820_+	0.00772678852094902	0.125076662463144	-0.125076662463144	0.938	1	PDE7B	PDE7B	-0.0620000000000001	0.125076662463144	PDE7B
clu_23974_+	2.67573412886298e-15	0.07895728445868	-0.139838341161246	0.7388	0.283628571428571	QKI	QKI	0.455171428571429	0.139838341161246	QKI
clu_24198_-	1.67779064963281e-11	0.308071219791705	-0.320485296249286	0.9653	1	EMP2	EMP2	-0.0347	0.320485296249286	EMP2
clu_24215_-	4.40678685055983e-06	0.0765892649045213	-0.102352833488177	0.0188	0.0044	NPIPB2	NPIPB2	0.0144	0.102352833488177	NPIPB2
clu_24326_-	0.00701076754707582	0.0559206825025456	-0.105013749168265	0.262175	0.0881	ERI2	ERI2	0.174075	0.105013749168265	ERI2
clu_24479_-	1.44020712571798e-08	0.187979658094038	-0.114646864329225	0.50075	0.4685	ZNF668	ZNF668	0.0322500000000001	0.187979658094038	ZNF668
clu_2448_-	0.0305839588782892	0.105410947446983	-0.0892568668977243	0.40402	-0.1	ATP8B4	ATP8B4	0.50402	0.105410947446983	ATP8B4
clu_24510_-	5.29137196181212e-20	0.327442574637322	-0.262077482895704	0.8956	1	SIAH1	SIAH1	-0.1044	0.327442574637322	SIAH1
clu_24604_-	0.000122886166707293	0.169759398365697	-0.169759398365697	-0.1	0.39995	NA	CMTM4	-0.49995	0.169759398365697	CMTM4
clu_24671_-	0.000632925886634542	0.122651956873507	-0.0852775994775981	1	0.5906	PDF	COG8	0.4094	0.122651956873507	PDF
clu_24742_-	0.0074954090027872	0.10438692741495	-0.0518322570504605	0.23355625	0.03162	ZNF821	ZNF821	0.20193625	0.10438692741495	ZNF821
clu_24751_-	0.0179103604657178	0.150250450336738	-0.145777955688605	0.3247	0.772666666666667	ZFHX3	ZFHX3	-0.447966666666667	0.150250450336738	ZFHX3
clu_24858_-	2.86072217636654e-09	0.124393808857504	-0.190810365807681	0.0899	0.368866666666667	C16orf95	FBXO31	-0.278966666666667	0.190810365807681	FBXO31
clu_24871_-	0.00744322143100047	0.107992829551719	-0.0570175202710352	0.211022222222222	8e-04	KLHDC4	KLHDC4	0.210222222222222	0.107992829551719	KLHDC4
clu_24959_-	0.0473168921012221	0.113414633156422	-0.118523536902521	0.5582	0.5582	CRACR2A	CRACR2A	0	0.118523536902521	CRACR2A
clu_2513_-	1.01652532738115e-08	0.159072505175469	-0.159072505175469	0.1671	0.564	NEDD4	NEDD4	-0.3969	0.159072505175469	NEDD4
clu_25358_-	1.54485435578251e-10	0.124574194052386	-0.0431040340911805	0.233072727272727	0.01373	CSAD	CSAD	0.219342727272727	0.124574194052386	CSAD
clu_2543_-	3.37472059430038e-15	0.0543155615043704	-0.105663044160068	0.0012	0.963275	BNIP2	BNIP2	-0.962075	0.105663044160068	BNIP2
clu_25851_-	2.3792700302456e-07	0.0608406782026577	-0.112233136379479	0.8596	1	TBX3	TBX3	-0.1404	0.112233136379479	TBX3
clu_25917_-	1.51418474715834e-17	0.205442212714901	-0.10964618602723	0.6288	0.617144444444444	CAMKK2	CAMKK2	0.0116555555555555	0.205442212714901	CAMKK2
clu_25932_-	2.31491561473056e-06	0.0946126870803526	-0.269671152501101	3e-04	0.2025375	KDM2B	KDM2B	-0.2022375	0.269671152501101	KDM2B
clu_25945_-	2.27799791805457e-11	0.0443307423260018	-0.119264444931179	0.9844	0.60575	CLIP1	CLIP1	0.37865	0.119264444931179	CLIP1
clu_26071_-	1.91491533628626e-08	0.127188090467968	-0.0453722993799818	0.8682	-0.1	ZNF605	NA	0.9682	0.127188090467968	ZNF605
clu_26413_+	6.14750307255222e-09	0.13417867513759	-0.131608694206614	0.93695	0.5613	NFIX	NFIX	0.37565	0.13417867513759	NFIX
clu_26694_+	1.20982148060686e-27	0.206822027829363	-0.196632724198987	0.8969	0.8969	FXYD1	AC020907.2,FXYD1	0	0.206822027829363	AC020907.2,FXYD1
clu_26775_+	0.0303111473803534	0.110248640933085	-0.0662810258232137	1	0.0147	KCNK6	KCNK6	0.9853	0.110248640933085	KCNK6
clu_27002_+	6.25703892116023e-06	0.126148530405998	-0.0678078421637483	0.58285	0.0013	CCDC9	CCDC9	0.58155	0.126148530405998	CCDC9
clu_27033_+	0.048044645760777	0.141636799630613	-0.176614606498443	0.9947	0.9947	CYTH2	CYTH2	0	0.176614606498443	CYTH2
clu_27149_+	0.00205608545666329	0.123716611852305	-0.0777283738473848	1	-0.1	AC010332.3,ZNF578	AC010332.3	1.1	0.123716611852305	AC010332.3,ZNF578
clu_27159_+	1.20262828009093e-08	0.102983462373775	-0.119202267971393	-0.1	0.335733333333333	NA	ZNF813	-0.435733333333333	0.119202267971393	ZNF813
clu_27161_+	0.0311169205006495	0.0650035482411622	-0.122715996091032	1	1	ZNF845	ZNF845	0	0.122715996091032	ZNF845
clu_27282_+	6.28846131371874e-27	0.121831073178901	-0.0657469965689622	-0.1	0.305425	ZNF584	ZNF584	-0.405425	0.121831073178901	ZNF584
clu_27518_-	7.81691039601571e-05	0.0883359224714904	-0.106410603008014	0.20254	0.98285	MTHFR	MTHFR	-0.78031	0.106410603008014	MTHFR
clu_27686_-	1.24150003311461e-07	0.127722101858484	-0.121665757541498	1	0.50045	GALE	GALE	0.49955	0.127722101858484	GALE
clu_27790_-	0.00636648072420593	0.0646417100765967	-0.114711283017219	0.616825	0.285333333333333	ADGRB2	ADGRB2	0.331491666666667	0.114711283017219	ADGRB2
clu_27829_-	8.40258443623809e-09	0.163001615327354	-0.145967836525556	0.427533333333333	1	PHC2	PHC2	-0.572466666666667	0.163001615327354	PHC2
clu_27982_-	0.00310835139212857	0.111643066983869	-0.0647048960611362	0.5367	0.174255555555556	MUTYH	MUTYH	0.362444444444444	0.111643066983869	MUTYH
clu_28073_-	2.34930480679409e-08	0.134190275846663	-0.134190275846663	-0.1	1	NA	NDC1	-1.1	0.134190275846663	NDC1
clu_28101_-	1.25966496286982e-08	0.155396489659781	-0.148816261672214	-0.1	1	ENSG00000162402.8	USP24	-1.1	0.155396489659781	USP24
clu_28289_-	1.26870482869641e-06	0.10633445577688	-0.100446500175554	0.989866666666667	0.7752	BCAR3	BCAR3	0.214666666666667	0.10633445577688	BCAR3
clu_28417_-	2.38967797981493e-08	0.16198360669606	-0.16198360669606	-0.1	0.447414285714286	ENSG00000116793.11	PHTF1	-0.547414285714286	0.16198360669606	PHTF1
clu_28418_-	0.00133987625086435	0.0933892810276012	-0.101634389607845	1	0.5788	PHTF1	PHTF1	0.4212	0.101634389607845	PHTF1
clu_28446_-	2.53113207746754e-07	0.0810006769456115	-0.133390192270559	-0.1	1	ENSG00000118729.10	CASQ2	-1.1	0.133390192270559	CASQ2
clu_28537_-	3.23964522732879e-07	0.194241743985594	-0.207955017147873	0.51575	0.51575	ANKRD35	ANKRD35	0	0.207955017147873	ANKRD35
clu_28685_-	0.00440356378954344	0.113412086170862	-0.113412086170862	0.9819	0.5166	S100A2	S100A2	0.4653	0.113412086170862	S100A2
clu_28797_-	1.88660463066966e-15	0.161207811638926	-0.128349714185765	-0.1	-0.1	ENSG00000116584.13	ENSG00000116584.13	0	0.161207811638926	ENSG00000116584.13
clu_28856_-	8.92966467310466e-63	0.205539041728434	-0.125437629065772	0.0014	0.251491666666667	PEX19	PEX19,PEX19,AL139011.2	-0.250091666666667	0.205539041728434	PEX19,PEX19,AL139011.2
clu_291_-	6.87891757395807e-82	0.248354342401911	-0.459900643459232	0.588266666666667	0.07775	CITED1	HDAC8	0.510516666666667	0.459900643459232	CITED1
clu_29244_-	0.000870155411391558	0.144580510610871	-0.149534923092231	-0.1	0.94455	NA	TTC13	-1.04455	0.149534923092231	TTC13
clu_29260_-	3.46213789846074e-06	0.169647628896813	-0.200473626876873	-0.1	0.21772	NA	PCNX2	-0.31772	0.200473626876873	PCNX2
clu_29302_-	3.27093786955771e-07	0.135066939727237	-0.135066939727237	-0.1	0.5731	NA	HEATR1	-0.6731	0.135066939727237	HEATR1
clu_29334_-	7.55207386039255e-06	0.161307513729706	-0.142050556606068	0.50125	0.0988	SMYD3	SMYD3	0.40245	0.161307513729706	SMYD3
clu_29483_+	0.000470460882804817	0.10852695430725	-0.137069854292035	0.441828571428571	0.298133333333333	KIAA1217	KIAA1217	0.143695238095238	0.137069854292035	KIAA1217
clu_29623_+	6.6747380678322e-20	0.258580035649675	-0.304292929011422	-0.1	0.33495	NA	PRKG1	-0.43495	0.304292929011422	PRKG1
clu_29709_+	0.00221325678535179	0.153345326654996	-0.14595151145265	1	0.6793	CHST3	CHST3	0.3207	0.153345326654996	CHST3
clu_29834_+	2.00403982470849e-05	0.148555460489991	-0.158521192171628	1	0.975	PCGF5	PCGF5	0.025	0.158521192171628	PCGF5
clu_29884_+	0.0159696952231772	0.0876484583651329	-0.112912529060726	0.7039	1	CCNJ	CCNJ	-0.2961	0.112912529060726	CCNJ
clu_29885_+	0.0138983674150335	0.10770984114865	-0.0524106971073516	0.446	-0.1	ZNF518A	ZNF518A	0.546	0.10770984114865	ZNF518A
clu_30022_+	1.28717342781819e-50	0.116953432404116	-0.0699939808595105	0.9654	0.9308	ADD3	ADD3	0.0346000000000001	0.116953432404116	ADD3
clu_30026_+	8.72871640984023e-09	0.152708055420462	-0.16949531460168	0.3514	0.4279	MXI1	MXI1	-0.0765	0.16949531460168	MXI1
clu_30075_+	0.000131141617722503	0.122225322030196	-0.107512809988831	0.0732047619047619	0.023375	INPP5F	INPP5F	0.0498297619047619	0.122225322030196	INPP5F
clu_30097_+	4.43000557342599e-10	0.135198690708873	-0.146289821310067	0.6921	0.9741	TACC2	TACC2	-0.282	0.146289821310067	TACC2
clu_30488_+	2.65929973232004e-06	0.104192147709623	-0.104192147709623	0.7958	0.5095	TCF12	TCF12	0.2863	0.104192147709623	TCF12
clu_30571_+	3.99882419673898e-12	0.104123672415081	-0.0392034387591368	1	0.1194	SMAD3	SMAD3	0.8806	0.104123672415081	SMAD3
clu_30595_+	1.4747112418715e-05	0.163899552739602	-0.163899552739602	0.8952	0.5018	PAQR5	PAQR5	0.3934	0.163899552739602	PAQR5
clu_30703_+	8.39172816686557e-09	0.12566943906183	-0.0557393628662059	0.6698	0.5006	ZFAND6	ZFAND6	0.1692	0.12566943906183	ZFAND6
clu_30783_+	5.80755970844861e-05	0.132107996286654	-0.123136106295476	0.33384	0.1757	AKAP13	AKAP13	0.15814	0.132107996286654	AKAP13
clu_30833_+	0.0011812117530807	0.128882470629829	-0.178421429838816	0.9777	0.9777	FURIN	FURIN	0	0.178421429838816	FURIN
clu_30897_+	2.65393604231617e-14	0.0706582426852267	-0.127710515109071	0.016	0.0575681818181818	LRRC28	LRRC28	-0.0415681818181818	0.127710515109071	LRRC28
clu_30968_+	2.77721416792631e-57	0.0991108226200989	-0.213414203596714	0.279325	0.58295	LPIN1	LPIN1	-0.303625	0.213414203596714	LPIN1
clu_31057_+	8.74997772934429e-11	0.223430490372735	-0.206957552500053	0.381588888888889	-0.1	BABAM2,MRPL33	NA	0.481588888888889	0.223430490372735	BABAM2,MRPL33
clu_31216_+	3.17141676661634e-40	0.393740037849914	-0.169485401860482	1	1	STON1-GTF2A1L	STON1	0	0.393740037849914	STON1
clu_31226_+	9.72607544316825e-05	0.0545323914915799	-0.12909737296201	-0.1	1	CATG00000042805.1	CHAC2	-1.1	0.12909737296201	CHAC2
clu_31236_+	9.90576031067671e-08	0.11146303239254	-0.0694262444139456	0.8526	0.8996	SPTBN1	SPTBN1	-0.0469999999999999	0.11146303239254	SPTBN1
clu_31282_+	9.83388150207025e-08	0.143070428332039	-0.124384145542249	1	1	B3GNT2	B3GNT2	0	0.143070428332039	B3GNT2
clu_31283_+	3.85369617960544e-36	0.271264942374933	-0.139083173505428	0.7483	0.480475	EHBP1	EHBP1	0.267825	0.271264942374933	EHBP1
clu_31289_+	2.0574064351001e-21	0.116171558216651	-0.0600703580001323	0.8768	0.4929	EHBP1	EHBP1	0.3839	0.116171558216651	EHBP1
clu_31302_+	0.000184880791769538	0.0897013102206334	-0.112648308520861	0.038	1	SLC1A4	SLC1A4	-0.962	0.112648308520861	SLC1A4
clu_31357_+	1.14708274346731e-08	0.0558318599701257	-0.112187466269635	0.7012	0.0019	ZNF638	ZNF638	0.6993	0.112187466269635	ZNF638
clu_31442_+	0.000349043416415407	0.117718938797907	-0.131458422193137	0.002	0.5182	VAMP8	VAMP8	-0.5162	0.131458422193137	VAMP8
clu_31585_+	9.03957864817045e-11	0.131388806480129	-0.153591600625512	0.5006	0.0410333333333333	TMEM182	TMEM182	0.459566666666667	0.153591600625512	TMEM182
clu_31616_+	3.76789942971006e-14	0.249114217586407	-0.298248979535145	-0.1	1	ENSG00000172985.8	SH3RF3	-1.1	0.298248979535145	SH3RF3
clu_3170_+	4.92516565405912e-09	0.103601081456279	-0.103601081456279	-0.1	0.4015	ELAC1	ELAC1,AC091551.1	-0.5015	0.103601081456279	ELAC1,AC091551.1
clu_31792_+	0.00341168365550937	0.144311215848052	-0.144311215848052	0.19164	0.0189	MBD5	MBD5	0.17274	0.144311215848052	MBD5
clu_31811_+	1.92347837793407e-14	0.220564369812855	-0.219501065186729	-0.1	1	NA	FMNL2	-1.1	0.220564369812855	FMNL2
clu_31869_+	7.49033918557445e-05	0.109151129366714	-0.109151129366714	-0.1	1	NA	SSB	-1.1	0.109151129366714	SSB
clu_3204_+	0.0286674283383936	0.125595218017224	-0.0659227169260034	0.6326	0.4769	RELCH	RELCH	0.1557	0.125595218017224	RELCH
clu_32200_+	2.32393760649473e-05	0.183093649287976	-0.186868211015441	0.6197	0.4961	PNKD	PNKD	0.1236	0.186868211015441	PNKD
clu_32217_+	0.0243265805758614	0.105286831782721	-0.0582096624507444	0.870266666666667	0	STK36	STK36	0.870266666666667	0.105286831782721	STK36
clu_3239_+	0.0283418282330662	0.0761699831870546	-0.110521010263018	0.0686	0.9615	ZNF236	ZNF236	-0.8929	0.110521010263018	ZNF236
clu_32408_+	3.37660496384084e-38	0.400903784836818	-0.320945193309451	-0.1	1	NA	TWIST2	-1.1	0.400903784836818	TWIST2
clu_32499_-	6.42952220351855e-13	0.103009742128165	-0.0494771617818045	0.418666666666667	0.4055	SLC22A23	SLC22A23	0.0131666666666667	0.103009742128165	SLC22A23
clu_32518_-	5.06459932939063e-63	0.135134756629712	-0.0831902276436987	-0.1	0.509375	LYRM4	LYRM4	-0.609375	0.135134756629712	LYRM4
clu_32587_-	0.00217789784343356	0.11659161809163	-0.11659161809163	0.1926125	1	DEK	DEK	-0.8073875	0.11659161809163	DEK
clu_32871_-	0.00419794427809424	0.107917130150507	-0.107917130150507	-0.1	0.55246	NA	TRERF1	-0.65246	0.107917130150507	TRERF1
clu_32970_-	0.0242347927957955	0.107234789425336	-0.107234789425336	0.115	0.215214285714286	DST	DST	-0.100214285714286	0.107234789425336	DST
clu_32971_-	0.00019678542020178	0.110558213510041	-0.110558213510041	0.335533333333333	0.166633333333333	DST	DST	0.1689	0.110558213510041	DST
clu_33022_-	0.000632740902004869	0.153785585218836	-0.1074365784646	-0.1	0.5208	PGM3	PGM3	-0.6208	0.153785585218836	PGM3
clu_33166_-	7.81546314998081e-07	0.192802781259177	-0.192802781259177	1	0.9094	SESN1	SESN1	0.0906	0.192802781259177	SESN1
clu_33213_-	1.098069266594e-37	0.204945041704825	-0.142202172693697	0.748125	0.458366666666667	TRAF3IP2	TRAF3IP2	0.289758333333333	0.204945041704825	TRAF3IP2
clu_33477_-	0.00838398216227584	0.103900895700812	-0.081600652453743	0.1595	0.7591	AL031315.1	WDR27	-0.5996	0.103900895700812	WDR27
clu_33556_+	0.00231287675009049	0.0686752448176676	-0.103076324429628	0.2	0.0555666666666667	DCAF11	DCAF11	0.144433333333333	0.103076324429628	DCAF11
clu_33609_+	1.84376291804629e-10	0.0733178726028147	-0.119309592495233	0.143428571428571	-0.1	NUBPL	NA	0.243428571428571	0.119309592495233	NUBPL
clu_33907_+	3.30656759668722e-49	0.0725088135593612	-0.178068417808733	0.22054	0.348675	FLVCR2	TTLL5	-0.128135	0.178068417808733	TTLL5
clu_3423_-	9.27470501609435e-06	0.0478283293928735	-0.139236675437114	-0.1	0.613889473684211	NA	CLASP2	-0.713889473684211	0.139236675437114	CLASP2
clu_34427_+	0.0095192368043277	0.109300358495225	-0.122025725059202	-0.1	0.5	CATG00000030853.1	RAI1	-0.6	0.122025725059202	RAI1
clu_3447_-	1.50078369114896e-13	0.271731755787744	-0.268900100160946	0.656	1	PLCD1	PLCD1	-0.344	0.271731755787744	PLCD1
clu_34526_+	5.30023923356951e-40	0.36825564875927	-0.416965685434341	8e-04	0.5066	NEK8	NEK8	-0.5058	0.416965685434341	NEK8
clu_34539_+	2.42938343636898e-09	0.21300702063545	-0.257725940850427	0.0203	0.8886	TP53I13	TP53I13	-0.8683	0.257725940850427	TP53I13
clu_34678_+	0.0100315737848415	0.11950510909876	-0.102017778270572	0.27838	-0.1	STARD3	STARD3	0.37838	0.11950510909876	STARD3
clu_34692_+	0.00299106439733875	0.200161052629233	-0.187455086000098	0.597533333333333	0	THRA	THRA	0.597533333333333	0.200161052629233	THRA
clu_35054_+	3.59902241278327e-05	0.0900077947548564	-0.136579889686983	0.5817	0.5521	TANC2	TANC2	0.0296	0.136579889686983	TANC2
clu_35421_-	0.0285235481509896	0.114754751796495	-0.0545921439943132	-0.1	0.755	ENSG00000182095.10	TNRC18	-0.855	0.114754751796495	TNRC18
clu_35616_-	2.19228665817102e-123	0.116710083318254	-0.0723816718845776	-0.1	0.3613	ENSG00000106603.13	COA1	-0.4613	0.116710083318254	COA1
clu_35758_-	6.29224078658258e-05	0.139938625876176	-0.087391098253956	0.40356	0.484575	MLXIPL	MLXIPL	-0.081015	0.139938625876176	MLXIPL
clu_35828_-	0.000414645837333832	0.120775759553935	-0.101810968238025	0.559075	1	CACNA2D1	CACNA2D1	-0.440925	0.120775759553935	CACNA2D1
clu_3583_-	0.000879502600881144	0.110565349350624	-0.110565349350624	0.30459	0.0344	SLC26A6	SLC26A6	0.27019	0.110565349350624	SLC26A6
clu_36127_-	9.44622501429639e-30	0.0314250529304379	-0.118635228662584	0.6368	0.3082	IMPDH1	IMPDH1	0.3286	0.118635228662584	IMPDH1
clu_36362_-	2.56368487878567e-33	0.252160628372928	-0.105719649195519	-0.1	0.4741	SPON2	SPON2	-0.5741	0.252160628372928	SPON2
clu_36568_-	7.74598453380483e-05	0.184342617685958	-0.184342617685958	0.8594	-0.1	LNX1	ENSG00000072201.9	0.9594	0.184342617685958	LNX1
clu_36618_-	3.78036020129212e-05	0.119506575483926	-0.107161659817298	1	0.5232	ANKRD17	ANKRD17	0.4768	0.119506575483926	ANKRD17
clu_36665_-	1.42056303612524e-25	0.0663300523345915	-0.129014016402004	0.59966	0.53034	SEC31A	SEC31A	0.0693199999999999	0.129014016402004	SEC31A
clu_36863_-	4.07513133578354e-05	0.222252271569976	-0.222252271569976	1	0.6633	NUDT6	NUDT6	0.3367	0.222252271569976	NUDT6
clu_36913_-	0.000925286048563146	0.187965936940314	-0.267100141794443	0.0386	0.5009625	INPP4B	INPP4B	-0.4623625	0.267100141794443	INPP4B
clu_36940_-	1.21269880930828e-10	0.344143682780084	-0.344143682780084	-0.1	0.52748	NA	LRBA	-0.62748	0.344143682780084	LRBA
clu_37049_-	5.24836297423748e-25	0.102556880613797	-0.0679601908216602	0.352766666666667	0.8765	ACSL1	ACSL1	-0.523733333333333	0.102556880613797	ACSL1
clu_37190_-	6.02057024133602e-13	0.118958006355418	-0.136089026117718	-0.1	1	NA	URB1	-1.1	0.136089026117718	URB1
clu_37323_-	3.05238243857321e-08	0.179889060048978	-0.118145335641001	0.1392	0.33135	SLC19A1	SLC19A1	-0.19215	0.179889060048978	SLC19A1
clu_37352_-	5.00893447209486e-52	0.14518790886192	-0.125413041674572	-0.1	0.677	NA	DIP2C	-0.777	0.14518790886192	DIP2C
clu_37534_-	8.07524467166013e-20	0.0794243577204568	-0.139459133011438	1	0.73205	SVIL	SVIL	0.26795	0.139459133011438	SVIL
clu_37538_-	7.73279695902082e-25	0.280787164243187	-0.144937326868126	0.9325	0.7658	SVIL	SVIL	0.1667	0.280787164243187	SVIL
clu_37540_-	1.01794337947245e-24	0.293115052811491	-0.214188762040639	-0.1	0.3943	SVIL	SVIL	-0.4943	0.293115052811491	SVIL
clu_37630_-	9.06049073496309e-52	0.0998972311722546	-0.133862576639921	0.6139	0.6139	NCOA4	NCOA4	0	0.133862576639921	NCOA4
clu_37696_-	2.9997929759936e-10	0.0616115178643569	-0.118014257278441	0.388266666666667	0.1278	HERC4	HERC4	0.260466666666667	0.118014257278441	HERC4
clu_3780_-	0.00145165765593618	0.113355111961958	-0.141275432608764	0.9888	0.5856	WNT5A	WNT5A	0.4032	0.141275432608764	WNT5A
clu_37849_-	6.02932312068072e-25	0.0772026407110528	-0.115773945589304	-0.1	0.8171	ENSG00000152782.12	PANK1	-0.9171	0.115773945589304	PANK1
clu_3790_-	7.57816087870426e-05	0.145257921621128	-0.145257921621128	0.361066666666667	0.1413	ARHGEF3	ARHGEF3	0.219766666666667	0.145257921621128	ARHGEF3
clu_38044_-	5.50280587305797e-18	0.160983642312389	-0.100060782803089	0.632266666666667	0.0554	SH3PXD2A	SH3PXD2A	0.576866666666667	0.160983642312389	SH3PXD2A
clu_38125_-	1.35975313709013e-05	0.0773142530027128	-0.116142451570662	-0.1	0.50875	NSMCE4A	NSMCE4A	-0.60875	0.116142451570662	NSMCE4A
clu_38176_-	1.79023837537222e-16	0.153462016500203	-0.0507430190437871	1	-0.1	STK32C	STK32C	1.1	0.153462016500203	STK32C
clu_38210_+	8.28479666186972e-29	0.0636374923477486	-0.113362433483017	0.2152	0.519433333333333	IFITM2	IFITM1	-0.304233333333333	0.113362433483017	IFITM1
clu_38251_+	0.0415782435319407	0.111195007575309	-0.0967703694804508	1	-0.1	PNPLA2	NA	1.1	0.111195007575309	PNPLA2
clu_38253_+	9.61882900668398e-06	0.101337934589666	-0.087842425037405	0.63435	0.62315	TSPAN4	TSPAN4	0.0112	0.101337934589666	TSPAN4
clu_38330_+	5.96820113496011e-05	0.137756441516951	-0.109004044458191	0.2	-0.1	PPFIBP2	PPFIBP2	0.3	0.137756441516951	PPFIBP2
clu_38354_+	0.0244882025698362	0.0748478784925595	-0.110643335790845	0.8721	1	WEE1	WEE1	-0.1279	0.110643335790845	WEE1
clu_38363_+	0.00164072838356099	0.127804454163014	-0.0735699348991078	-0.1	-0.1	ENSG00000133805.11	ENSG00000133805.11	0	0.127804454163014	ENSG00000133805.11
clu_38484_+	7.35054822478517e-70	0.131088923515044	-0.107145691029133	0.461516666666667	0.202	CD44	CD44	0.259516666666667	0.131088923515044	CD44
clu_38490_+	1.26241890382429e-15	0.231237158133457	-0.16932667943338	-0.03675	0.271275	PRR5L,NA	PRR5L	-0.308025	0.231237158133457	PRR5L
clu_38492_+	0.0355203196271905	0.128944281976912	-0.113485373021241	0.9871	0.9871	PRR5L	PRR5L	0	0.128944281976912	PRR5L
clu_38566_+	8.2249045648886e-07	0.139719502009135	-0.0948297971851045	0.84996	0.93685	MADD	MADD	-0.0868899999999999	0.139719502009135	MADD
clu_38578_+	8.64604016116542e-05	0.0866568604118826	-0.103195150848097	-0.1	0.53145	NA	NDUFS3,PTPMT1	-0.63145	0.103195150848097	NDUFS3,PTPMT1
clu_3864_-	0.00922976129209952	0.194002111643431	-0.194002111643431	0.247879411764706	0.55732	FOXP1,AC097634.4	FOXP1	-0.309440588235294	0.194002111643431	FOXP1
clu_38652_+	0.0090771557988466	0.0732152859137131	-0.100158276476493	0.0238	0.5073	TTC9C	TTC9C	-0.4835	0.100158276476493	TTC9C
clu_38705_+	1.35133610079858e-07	0.108979832278844	-0.106622576005016	-0.1	-0.1	PPP1R14B-AS1	PPP1R14B-AS1	0	0.108979832278844	PPP1R14B-AS1
clu_3877_-	1.64033917077595e-15	0.185014975386092	-0.185014975386092	-0.1	1	PDZRN3	PDZRN3	-1.1	0.185014975386092	PDZRN3
clu_38959_+	0.0171601066730534	0.08982558864395	-0.103571895876404	0.334	0.0012	NADSYN1	NADSYN1	0.3328	0.103571895876404	NADSYN1
clu_39030_+	3.50445129365028e-06	0.0884472811954697	-0.161363047065803	0.644333333333333	0.75545	EMSY	EMSY	-0.111116666666667	0.161363047065803	EMSY
clu_39164_+	0.014496442219357	0.161303250385206	-0.114292685056306	1	-0.1	ZC3H12C	ENSG00000149289.6	1.1	0.161303250385206	ZC3H12C
clu_39175_+	6.84800513807851e-11	0.165615070861619	-0.165173812748932	0.0079	0.2975	C11orf1	C11orf1	-0.2896	0.165615070861619	C11orf1
clu_39178_+	5.7579529725029e-18	0.243347672800226	-0.166433562977641	-0.1	0.334066666666667	ENSG00000149300.5	C11orf52,HSPB2-C11orf52	-0.434066666666667	0.243347672800226	C11orf52,HSPB2-C11orf52
clu_39182_+	2.57125298945076e-11	0.113341397619481	-0.161050942170413	0.52475	0.5898	DIXDC1	DIXDC1	-0.0650499999999999	0.161050942170413	DIXDC1
clu_39188_+	4.09409018569502e-19	0.114733154146061	-0.121138753112767	-0.1	0.7949	ENSG00000150764.9	DIXDC1	-0.8949	0.121138753112767	DIXDC1
clu_391_-	1.68575570288963e-25	0.131709408372055	-0.123455667093712	0.9407	-0.1	IL13RA2	ENSG00000123496.3	1.0407	0.131709408372055	IL13RA2
clu_39274_+	0.000540658014977684	0.107639242608166	-0.107639242608166	1	0.00845	CCDC84	CCDC84	0.99155	0.107639242608166	CCDC84
clu_39294_+	0.0125524797859557	0.111472670051637	-0.0560314199293034	0.51515	-0.1	HINFP	HINFP	0.61515	0.111472670051637	HINFP
clu_39572_+	0.000206583698687107	0.0989286607709804	-0.119277144174394	-0.1	0.444466666666667	NA	CC2D2A	-0.544466666666667	0.119277144174394	CC2D2A
clu_39642_+	1.21665166939929e-13	0.056418354978531	-0.146458584823127	0.09355	0.167333333333333	TBC1D1	TBC1D1	-0.0737833333333333	0.146458584823127	TBC1D1
clu_39680_+	2.37675910632522e-15	0.0834432710899137	-0.113001456551922	0.73418	0.2853	LIMCH1	LIMCH1	0.44888	0.113001456551922	LIMCH1
clu_39761_+	3.63093016808757e-05	0.0940528513406907	-0.11095900310566	0.3963	0.93075	RUFY3	RUFY3	-0.53445	0.11095900310566	RUFY3
clu_39783_+	7.865557851202e-16	0.134276180694076	-0.148841837259129	0.4331	0.00146	FAM47E-STBD1,FAM47E	FAM47E-STBD1,FAM47E	0.43164	0.148841837259129	FAM47E-STBD1,FAM47E
clu_39843_+	1.6718535380175e-05	0.100034371417276	-0.116937704440068	-0.1	0.279725	NA	AFF1	-0.379725	0.116937704440068	AFF1
clu_40123_+	1.29843237470736e-09	0.121076504515718	-0.13199216558722	1	0.38305	RAPGEF2	RAPGEF2	0.61695	0.13199216558722	RAPGEF2
clu_40240_+	1.11183747971304e-08	0.344226052003803	-0.341199960058977	1	-0.1	GPR146	GPR146	1.1	0.344226052003803	GPR146
clu_40323_+	7.73279695902082e-25	0.126340563849703	-0.117706237055182	0.9569	5e-04	C1GALT1	C1GALT1	0.9564	0.126340563849703	C1GALT1
clu_40485_+	8.19484180069022e-12	0.187507325856631	-0.183242259864945	0.603	-0.1	SUGCT	ENSG00000175600.11	0.703	0.187507325856631	SUGCT
clu_40522_+	4.93409024381347e-09	0.0567097560784324	-0.107274025987037	0.6997	0.94025	ZMIZ2	ZMIZ2	-0.24055	0.107274025987037	ZMIZ2
clu_4055_-	0.00063182809067872	0.106361785171121	-0.106361785171121	0.5917	0.433425	MYLK	MYLK	0.158275	0.106361785171121	MYLK
clu_40827_+	1.08345082219493e-09	0.170485124367247	-0.14119848501365	0.3824	0.3411	CPSF4	CPSF4	0.0413	0.170485124367247	CPSF4
clu_40903_+	2.81293267899725e-15	0.111809773630276	-0.0536288760856117	0.9392	-0.1	PRKRIP1	PRKRIP1	1.0392	0.111809773630276	PRKRIP1
clu_40985_+	1.12904049742072e-15	0.107673917586373	-0.0580768704495948	0.2535375	0.316216666666667	ST7	ST7	-0.0626791666666667	0.107673917586373	ST7
clu_41011_+	4.61765578042843e-48	0.141765166181359	-0.0708056498533208	1	0.5	HILPDA,AC010655.2	METTL2B	0.5	0.141765166181359	HILPDA,AC010655.2
clu_41068_+	0.00484817168186292	0.155067835130371	-0.155067835130371	0.179175	0.243423076923077	CALD1	CALD1	-0.0642480769230769	0.155067835130371	CALD1
clu_41143_+	0.0137207122057961	0.0958995799763799	-0.106021816326333	1	0.007	ZNF783	ZNF783	0.993	0.106021816326333	ZNF783
clu_4151_-	2.31234551505749e-06	0.116409716480188	-0.117750951846279	0.8266	0.329666666666667	TMCC1	TMCC1	0.496933333333333	0.117750951846279	TMCC1
clu_4168_-	9.32756292925612e-15	0.11233345603844	-0.0795963680624375	0.50105	0	ACAD11	ACAD11	0.50105	0.11233345603844	ACAD11
clu_4197_-	2.74680489566181e-05	0.0627912361519066	-0.11206006343474	-0.1	1	ENSG00000174579.3	MSL2	-1.1	0.11206006343474	MSL2
clu_41_-	0.0136555057382523	0.0877599009594904	-0.100984244479682	0.696633333333333	1	MID1	MID1	-0.303366666666667	0.100984244479682	MID1
clu_4326_-	3.1968090934729e-19	0.224342252781773	-0.566983213804441	0.3169125	-0.1	VEPH1	VEPH1	0.4169125	0.566983213804441	VEPH1
clu_4327_-	1.43398536051463e-17	0.059244026628977	-0.120600309431697	0.00156666666666667	0.3013	VEPH1	VEPH1	-0.299733333333333	0.120600309431697	VEPH1
clu_4379_-	0.00252115168369454	0.174052876876913	-0.11642207068773	0.7899	1	PLD1	PLD1	-0.2101	0.174052876876913	PLD1
clu_444_-	0.0319743893043496	0.141543849433538	-0.118290685061347	-0.1	0.29002	NA	GPC3	-0.39002	0.141543849433538	GPC3
clu_4454_-	1.06187428580262e-13	0.145174575945548	-0.117049876604349	0	0.55295	BCL6	BCL6	-0.55295	0.145174575945548	BCL6
clu_4477_-	0.0244502613640334	0.134391192557262	-0.134391192557262	0.1093	0.56156	TMEM44	TMEM44	-0.45226	0.134391192557262	TMEM44
clu_46_-	1.67798696134722e-07	0.110400665811972	-0.0586619141524843	0.6715	0.6715	ARHGAP6	ARHGAP6	0	0.110400665811972	ARHGAP6
clu_471_-	5.38718528795077e-26	0.32332280364195	-0.307745804070163	1	0.5764	ARHGEF6	ARHGEF6	0.4236	0.32332280364195	ARHGEF6
clu_4736_+	0.0182959028222836	0.111850577486751	-0.093549443376006	0.329966666666667	0.329966666666667	ZNF75A	ZNF75A	0	0.111850577486751	ZNF75A
clu_4738_+	0.000924146967898476	0.129167779652179	-0.129167779652179	0.09275	0.9778	ZNF174	ZNF174	-0.88505	0.129167779652179	ZNF174
clu_4765_+	0.00724551779137919	0.112909976296157	-0.112909976296157	0.5108	0.1402	NUDT16L1	NUDT16L1	0.3706	0.112909976296157	NUDT16L1
clu_478_-	1.70892410013286e-12	0.0849003454141212	-0.10959312476669	0.50215	0.8939	ATP11C	ATP11C	-0.39175	0.10959312476669	ATP11C
clu_5281_+	0.000855431068282034	0.153061795895223	-0.104232331011325	0.6419	0.3214	CES2	CES2	0.3205	0.153061795895223	CES2
clu_5308_+	3.01888211774435e-13	0.280694758529982	-0.154813062453654	0.337666666666667	0.50225	SLC9A5	SLC9A5	-0.164583333333333	0.280694758529982	SLC9A5
clu_5371_+	6.78007066743061e-13	0.197745315415749	-0.210676438904376	-0.1	0.223414285714286	UTP4	UTP4	-0.323414285714286	0.210676438904376	UTP4
clu_5376_+	0.0114377681497493	0.104134431162679	-0.102513040908455	1	0.53295	VPS4A	SNTB2	0.46705	0.104134431162679	VPS4A
clu_584_-	0.016308389481853	0.0472253315642349	-0.106256582223042	0.351466666666667	0.0481	BID	BID	0.303366666666667	0.106256582223042	BID
clu_585_-	1.6324872709341e-08	0.107120313790492	-0.178652983281772	0	0.51395	MICAL3	AC016026.1,MICAL3	-0.51395	0.178652983281772	AC016026.1,MICAL3
clu_5892_-	9.83388150207025e-08	0.0706215266636256	-0.124500900664851	0.5292	0.712	MTX3	MTX3	-0.1828	0.124500900664851	MTX3
clu_5967_-	0.0398449063399959	0.0757899095578128	-0.100500921651614	0	0.8247	ERAP1	ERAP1	-0.8247	0.100500921651614	ERAP1
clu_6010_-	5.12455709548008e-06	0.158154741867149	-0.0820469642183113	0.597333333333333	-0.1	MCC	NA	0.697333333333333	0.158154741867149	MCC
clu_6011_-	0.00131519154750773	0.115355162683493	-0.0458128138142689	0.5129	-0.1	MCC	MCC	0.6129	0.115355162683493	MCC
clu_6087_-	0.0420247848311411	0.105148521084333	-0.076054580471049	5e-04	0.442966666666667	SHROOM1	SHROOM1	-0.442466666666667	0.105148521084333	SHROOM1
clu_6119_-	1.42384477572916e-06	0.232068571598085	-0.232068571598085	0	0.618033333333333	FAM13B	FAM13B	-0.618033333333333	0.232068571598085	FAM13B
clu_6192_-	8.06108089605636e-46	0.139144154382542	-0.277823020027402	0.308766666666667	1	FGF1	FGF1	-0.691233333333333	0.277823020027402	FGF1
clu_6212_-	7.15556371186136e-17	0.103308802981264	-0.0872088051665702	0.49305	1	DPYSL3	DPYSL3	-0.50695	0.103308802981264	DPYSL3
clu_6400_-	4.05756529212831e-06	0.132296634210674	-0.11601306481828	0.4722	0.9539	MGAT1	MGAT1	-0.4817	0.132296634210674	MGAT1
clu_6504_+	0.000100717455988583	0.103067164891294	-0.062473351492254	0.55645	0.1611	NDUFAF5	NDUFAF5	0.39535	0.103067164891294	NDUFAF5
clu_653_-	2.80898704032705e-07	0.0630048020947755	-0.100161640062581	-0.1	0.5007	PI4KAP2	PI4KA	-0.6007	0.100161640062581	PI4KA
clu_6825_+	1.74208501522935e-11	0.117633693106385	-0.117633693106385	-0.1	0.51395	ENSG00000196396.5	PTPN1	-0.61395	0.117633693106385	PTPN1
clu_6946_+	0.0499171124057994	0.100414047926029	-0.0822079437982124	0.23482	-0.1	PCMTD2	PCMTD2	0.33482	0.100414047926029	PCMTD2
clu_7004_-	6.80064169127863e-10	0.105271177545504	-0.0999003419593855	0	0.6873	SBNO2	SBNO2	-0.6873	0.105271177545504	SBNO2
clu_7040_-	0.00166810752044078	0.11613242394351	-0.130921847865098	0.20018	0.181266666666667	MKNK2	MKNK2	0.0189133333333333	0.130921847865098	MKNK2
clu_7044_-	0.000647159401674944	0.10212131089701	-0.119225955148674	0.30876	0.220542857142857	MKNK2	MKNK2	0.0882171428571429	0.119225955148674	MKNK2
clu_7070_-	2.60732115018045e-05	0.149665448039814	-0.0891366395556516	1	-0.1	ZNF77	AC119403.1	1.1	0.149665448039814	ZNF77
clu_7080_-	0.00015082760086959	0.119735201077722	-0.123287578296312	0.2479	0.333333333333333	TLE5	TLE5	-0.0854333333333333	0.123287578296312	TLE5
clu_7090_-	5.98579301464716e-05	0.0589226539438545	-0.111365520130919	0.7924	0.5724	PIP5K1C	PIP5K1C	0.22	0.111365520130919	PIP5K1C
clu_7219_-	0.0291693772505566	0.0983069661923839	-0.103441045005441	0.50115	1	CD320	CD320	-0.49885	0.103441045005441	CD320
clu_727_-	0.00276185404157562	0.0821927437421724	-0.151451082953786	0.6438	0.0033	TTC28	TTC28	0.6405	0.151451082953786	TTC28
clu_7381_-	1.71932917871253e-28	0.16791429179089	-0.122635715647714	0.617533333333333	0	HOOK2	HOOK2	0.617533333333333	0.16791429179089	HOOK2
clu_7433_-	1.14708274346731e-08	0.0647540946201801	-0.113600954444869	0.338766666666667	1	ILVBL	ILVBL	-0.661233333333333	0.113600954444869	ILVBL
clu_7440_-	5.42407752699076e-05	0.131316875932219	-0.131316875932219	0.305	1	BRD4	BRD4	-0.695	0.131316875932219	BRD4
clu_752_-	1.27492442615015e-09	0.11338966044594	-0.060569355673737	0.644783333333333	0.00115	THOC5	THOC5	0.643633333333333	0.11338966044594	THOC5
clu_7568_-	1.61869316991401e-67	0.237127807577715	-0.10094976407997	0.53768	0.4473	C19orf12	C19orf12	0.0903800000000001	0.237127807577715	C19orf12
clu_7665_-	2.22382063168456e-11	0.0916168504023982	-0.151238669251985	-0.1	0.391733333333333	ENSG00000196381.6	ZNF781,ZFP30	-0.491733333333333	0.151238669251985	ZNF781,ZFP30
clu_7750_-	0.0234594556644168	0.106435100874113	-0.0418326064327106	0.519866666666667	-0.1	DEDD2	DEDD2	0.619866666666667	0.106435100874113	DEDD2
clu_7827_-	9.53354297051067e-09	0.117423851715832	-0.101408622780691	0.5739	0.6185	FBXO46	FBXO46	-0.0446000000000001	0.117423851715832	FBXO46
clu_7898_-	0.000519436124225274	0.076100924732961	-0.140285918662479	0.5043	0.0982	DBP	DBP	0.4061	0.140285918662479	DBP
clu_7937_-	0.0278599940388628	0.105378687994114	-0.105378687994115	0.263283333333333	0.226214285714286	FUZ	FUZ	0.0370690476190476	0.105378687994115	FUZ
clu_8048_-	0.00143822778183047	0.130996679289683	-0.109139477898264	0.388633333333333	0.5723	PPP1R12C	PPP1R12C	-0.183666666666667	0.130996679289683	PPP1R12C
clu_8082_-	0.0393034808896754	0.0381703879955168	-0.14508173032178	4e-04	0.5004	ZNF667	ZNF667	-0.5	0.14508173032178	ZNF667
clu_8092_-	0.000731146087956946	0.090200322780818	-0.103222215921313	0.264	0.56184	ZNF550	ZNF550	-0.29784	0.103222215921313	ZNF550
clu_8097_-	0.00127005294818273	0.0487322218278042	-0.120596106094286	0.3732	0.319283333333333	AC010326.2	ZNF417	0.0539166666666667	0.120596106094286	AC010326.2
clu_8435_+	8.38013927842872e-07	0.299018330503072	-0.299294036202077	0.2561	1	ING1	ING1	-0.7439	0.299294036202077	ING1
clu_8539_-	3.36132857291302e-06	0.184330860065735	-0.228910261561898	0.326	0.4927	MTUS1	MTUS1	-0.1667	0.228910261561898	MTUS1
clu_85_-	8.64796855858099e-16	0.19763477667601	-0.134239283399422	0.22925	0.4527	SH3KBP1	SH3KBP1	-0.22345	0.19763477667601	SH3KBP1
clu_8774_-	1.32438230044339e-09	0.122947681472536	-0.105176448369836	0.604266666666667	-0.1	STAU2	STAU2	0.704266666666667	0.122947681472536	STAU2
clu_8865_-	3.55949726259127e-13	0.119891388587915	-0.115987876729174	0.5263	-0.1	STK3	NA	0.6263	0.119891388587915	STK3
clu_8894_-	1.59921959323751e-61	0.186132871681379	-0.0949867808878508	0.373033333333333	0.164208333333333	NCALD	NCALD	0.208825	0.186132871681379	NCALD
clu_8953_-	2.2679149796376e-17	0.113284780742715	-0.0603908560327736	0.8893	0.9835	ENPP2	ENPP2	-0.0942000000000001	0.113284780742715	ENPP2
clu_8958_-	6.80677749089231e-12	0.136221346495041	-0.194749486615053	0.7438	0.5824	ENPP2	ENPP2	0.1614	0.194749486615053	ENPP2
clu_9008_-	5.56716678768307e-41	0.0984668565899152	-0.1198053720182	0.241625	0.39546	FAM49B	FAM49B	-0.153835	0.1198053720182	FAM49B
clu_9035_-	1.06901064861595e-06	0.137574818368105	-0.139954938613235	-0.1	0.376254545454545	NA	ZFAT	-0.476254545454545	0.139954938613235	ZFAT
clu_9130_-	2.22112670442987e-07	0.117171225358083	-0.143295205793266	-0.1	0.50315	SHARPIN	SHARPIN	-0.60315	0.143295205793266	SHARPIN
clu_9159_-	0.0098288954772908	0.0442279554930708	-0.102305421101416	0.5213	1	CYHR1	CYHR1	-0.4787	0.102305421101416	CYHR1
clu_9262_+	1.97375982652067e-09	0.0911076470093392	-0.111575628919499	0.0991	0.683975	USP25	USP25	-0.584875	0.111575628919499	USP25
clu_9549_-	1.22016033095031e-12	0.0705110788545443	-0.200801572506289	0.5311	-0.1	MPDZ	MPDZ	0.6311	0.200801572506289	MPDZ
clu_9854_-	5.68013411479405e-07	0.134289302245534	-0.134289302245534	0.6821	0.00136666666666667	AUH	AUH	0.680733333333333	0.134289302245534	AUH
clu_9924_-	0.000242140884503483	0.0550888897341524	-0.153128167104068	0.619066666666667	6e-04	ZNF782	ZNF782	0.618466666666667	0.153128167104068	ZNF782
clu_9926_-	2.66577986038179e-07	0.0385557237780121	-0.121437417371063	-0.1	-0.1	MFSD14CP	MFSD14C	0	0.121437417371063	MFSD14C
